{"cameraMode":{"drawMode":0,"name":"Shaded","section":"Shading Mode"},"sceneLighting":true,"audioPlay":false,"sceneViewState":{"m_AlwaysRefresh":false,"showFog":true,"showSkybox":true,"showFlares":true,"showImageEffects":true,"showParticleSystems":true,"showVisualEffectGraphs":true,"m_FxEnabled":true},"in2DMode":false,"pivot":{"x":-1.1455597877502442,"y":-4.845849990844727,"z":2.0280237197875978},"rotation":{"x":0.4257315695285797,"y":0.008424943313002587,"z":-0.003962184302508831,"w":0.9047536253929138},"size":10.433520317077637,"orthographic":false}