{"cameraMode":{"drawMode":0,"name":"Shaded","section":"Shading Mode"},"sceneLighting":true,"audioPlay":false,"sceneViewState":{"m_AlwaysRefresh":false,"showFog":true,"showSkybox":true,"showFlares":true,"showImageEffects":true,"showParticleSystems":true,"showVisualEffectGraphs":true,"m_FxEnabled":true},"in2DMode":false,"pivot":{"x":2.502070903778076,"y":-1.2236976623535157,"z":-1.0438127517700196},"rotation":{"x":0.569771945476532,"y":-0.010834718123078347,"z":0.007519604172557592,"w":0.8216568231582642},"size":24.14305877685547,"orthographic":false}