{"cameraMode":{"drawMode":0,"name":"Shaded","section":"Shading Mode"},"sceneLighting":true,"audioPlay":false,"sceneViewState":{"m_AlwaysRefresh":false,"showFog":true,"showSkybox":true,"showFlares":true,"showImageEffects":true,"showParticleSystems":true,"showVisualEffectGraphs":true,"m_FxEnabled":true},"in2DMode":false,"pivot":{"x":0.5266971588134766,"y":0.041187286376953128,"z":2.909390926361084},"rotation":{"x":-0.16313667595386506,"y":0.8238567113876343,"z":-0.29496514797210696,"w":-0.45565342903137209},"size":5.178504467010498,"orthographic":false}