{"cameraMode":{"drawMode":0,"name":"Shaded","section":"Shading Mode"},"sceneLighting":true,"audioPlay":false,"sceneViewState":{"m_AlwaysRefresh":false,"showFog":true,"showSkybox":true,"showFlares":true,"showImageEffects":true,"showParticleSystems":true,"showVisualEffectGraphs":true,"m_FxEnabled":true},"in2DMode":false,"pivot":{"x":0.3146628439426422,"y":0.9660202264785767,"z":1.201317310333252},"rotation":{"x":0.29261016845703127,"y":0.09590060263872147,"z":-0.02948712930083275,"w":0.9509733319282532},"size":1.4155828952789307,"orthographic":false}